<?xml version="1.0" encoding="UTF-8"?>
<export version="E">
  <design>
    <source>C:\Users\Lolo1\Kicad\PCB LEDs\PCB LEDs.kicad_sch_copie.kicad_sch</source>
    <date>15/04/2023 21:16:05</date>
    <tool>Eeschema 7.0.1</tool>
    <sheet number="1" name="/" tstamps="/">
      <title_block>
        <title>PCB LEDs</title>
        <company>ENSEA</company>
        <rev>1.0</rev>
        <date>2023-04-11</date>
        <source>PCB LEDs.kicad_sch_copie.kicad_sch</source>
        <comment number="1" value=""/>
        <comment number="2" value=""/>
        <comment number="3" value=""/>
        <comment number="4" value=""/>
        <comment number="5" value=""/>
        <comment number="6" value=""/>
        <comment number="7" value=""/>
        <comment number="8" value=""/>
        <comment number="9" value=""/>
      </title_block>
    </sheet>
  </design>
  <components>
    <comp ref="D1">
      <value>LED_RGBA</value>
      <footprint>LED_SMD:LED_RGB_1210</footprint>
      <libsource lib="Device" part="LED_RGBA" description="RGB LED, red/green/blue/anode"/>
      <property name="Sheetname" value=""/>
      <property name="Sheetfile" value="PCB LEDs.kicad_sch_copie.kicad_sch"/>
      <property name="ki_description" value="RGB LED, red/green/blue/anode"/>
      <property name="ki_keywords" value="LED RGB diode"/>
      <sheetpath names="/" tstamps="/"/>
      <tstamps>c8150077-467b-4dea-a9d1-df264dbb3cfe</tstamps>
    </comp>
    <comp ref="D2">
      <value>LED_1</value>
      <footprint>LED_SMD:LED_0603_1608Metric_Pad1.05x0.95mm_HandSolder</footprint>
      <libsource lib="Device" part="LED_Small" description="Light emitting diode, small symbol"/>
      <property name="Sheetname" value=""/>
      <property name="Sheetfile" value="PCB LEDs.kicad_sch_copie.kicad_sch"/>
      <property name="ki_description" value="Light emitting diode, small symbol"/>
      <property name="ki_keywords" value="LED diode light-emitting-diode"/>
      <sheetpath names="/" tstamps="/"/>
      <tstamps>5ee8d20d-a422-434e-a974-a6fb8693b12b</tstamps>
    </comp>
    <comp ref="D3">
      <value>LED_2</value>
      <footprint>LED_SMD:LED_0603_1608Metric_Pad1.05x0.95mm_HandSolder</footprint>
      <libsource lib="Device" part="LED_Small" description="Light emitting diode, small symbol"/>
      <property name="Sheetname" value=""/>
      <property name="Sheetfile" value="PCB LEDs.kicad_sch_copie.kicad_sch"/>
      <property name="ki_description" value="Light emitting diode, small symbol"/>
      <property name="ki_keywords" value="LED diode light-emitting-diode"/>
      <sheetpath names="/" tstamps="/"/>
      <tstamps>17e2973a-62cb-453c-b0d0-9760e86cd72b</tstamps>
    </comp>
    <comp ref="D4">
      <value>LED_3</value>
      <footprint>LED_SMD:LED_0603_1608Metric_Pad1.05x0.95mm_HandSolder</footprint>
      <libsource lib="Device" part="LED_Small" description="Light emitting diode, small symbol"/>
      <property name="Sheetname" value=""/>
      <property name="Sheetfile" value="PCB LEDs.kicad_sch_copie.kicad_sch"/>
      <property name="ki_description" value="Light emitting diode, small symbol"/>
      <property name="ki_keywords" value="LED diode light-emitting-diode"/>
      <sheetpath names="/" tstamps="/"/>
      <tstamps>65f06d59-4752-4b33-bf91-dd6ad5bf9019</tstamps>
    </comp>
    <comp ref="D5">
      <value>LED_4</value>
      <footprint>LED_SMD:LED_0603_1608Metric_Pad1.05x0.95mm_HandSolder</footprint>
      <libsource lib="Device" part="LED_Small" description="Light emitting diode, small symbol"/>
      <property name="Sheetname" value=""/>
      <property name="Sheetfile" value="PCB LEDs.kicad_sch_copie.kicad_sch"/>
      <property name="ki_description" value="Light emitting diode, small symbol"/>
      <property name="ki_keywords" value="LED diode light-emitting-diode"/>
      <sheetpath names="/" tstamps="/"/>
      <tstamps>de4b51d0-446e-49a3-ace8-fdd539b2a116</tstamps>
    </comp>
    <comp ref="H1">
      <value>MountingHole_Pad</value>
      <footprint>MountingHole:MountingHole_3.2mm_M3_DIN965_Pad</footprint>
      <libsource lib="Mechanical" part="MountingHole_Pad" description="Mounting Hole with connection"/>
      <property name="Sheetname" value=""/>
      <property name="Sheetfile" value="PCB LEDs.kicad_sch_copie.kicad_sch"/>
      <property name="ki_description" value="Mounting Hole with connection"/>
      <property name="ki_keywords" value="mounting hole"/>
      <sheetpath names="/" tstamps="/"/>
      <tstamps>6195c5f2-5147-4320-ae48-c5d24e3e04fd</tstamps>
    </comp>
    <comp ref="H2">
      <value>MountingHole_Pad</value>
      <footprint>MountingHole:MountingHole_3.2mm_M3_DIN965_Pad</footprint>
      <libsource lib="Mechanical" part="MountingHole_Pad" description="Mounting Hole with connection"/>
      <property name="Sheetname" value=""/>
      <property name="Sheetfile" value="PCB LEDs.kicad_sch_copie.kicad_sch"/>
      <property name="ki_description" value="Mounting Hole with connection"/>
      <property name="ki_keywords" value="mounting hole"/>
      <sheetpath names="/" tstamps="/"/>
      <tstamps>87fc1f4d-2c3d-4000-a994-2372d576b29f</tstamps>
    </comp>
    <comp ref="H3">
      <value>MountingHole_Pad</value>
      <footprint>MountingHole:MountingHole_3.2mm_M3_DIN965_Pad</footprint>
      <libsource lib="Mechanical" part="MountingHole_Pad" description="Mounting Hole with connection"/>
      <property name="Sheetname" value=""/>
      <property name="Sheetfile" value="PCB LEDs.kicad_sch_copie.kicad_sch"/>
      <property name="ki_description" value="Mounting Hole with connection"/>
      <property name="ki_keywords" value="mounting hole"/>
      <sheetpath names="/" tstamps="/"/>
      <tstamps>8e6c6c1b-8e4f-4cce-b2ff-2c4da2bc9000</tstamps>
    </comp>
    <comp ref="H4">
      <value>MountingHole_Pad</value>
      <footprint>MountingHole:MountingHole_3.2mm_M3_DIN965_Pad</footprint>
      <libsource lib="Mechanical" part="MountingHole_Pad" description="Mounting Hole with connection"/>
      <property name="Sheetname" value=""/>
      <property name="Sheetfile" value="PCB LEDs.kicad_sch_copie.kicad_sch"/>
      <property name="ki_description" value="Mounting Hole with connection"/>
      <property name="ki_keywords" value="mounting hole"/>
      <sheetpath names="/" tstamps="/"/>
      <tstamps>defa4ccb-7859-4336-9e9a-8a0d147b0963</tstamps>
    </comp>
    <comp ref="J1">
      <value>SCL</value>
      <footprint>Connector_JST:JST_XH_B2B-XH-A_1x02_P2.50mm_Vertical</footprint>
      <libsource lib="Connector_Generic" part="Conn_01x02" description="Generic connector, single row, 01x02, script generated (kicad-library-utils/schlib/autogen/connector/)"/>
      <property name="Sheetname" value=""/>
      <property name="Sheetfile" value="PCB LEDs.kicad_sch_copie.kicad_sch"/>
      <property name="ki_description" value="Generic connector, single row, 01x02, script generated (kicad-library-utils/schlib/autogen/connector/)"/>
      <property name="ki_keywords" value="connector"/>
      <sheetpath names="/" tstamps="/"/>
      <tstamps>6ee89550-89df-4e04-8424-f653eecae452</tstamps>
    </comp>
    <comp ref="J2">
      <value>SDA</value>
      <footprint>Connector_JST:JST_XH_B2B-XH-A_1x02_P2.50mm_Vertical</footprint>
      <libsource lib="Connector_Generic" part="Conn_01x02" description="Generic connector, single row, 01x02, script generated (kicad-library-utils/schlib/autogen/connector/)"/>
      <property name="Sheetname" value=""/>
      <property name="Sheetfile" value="PCB LEDs.kicad_sch_copie.kicad_sch"/>
      <property name="ki_description" value="Generic connector, single row, 01x02, script generated (kicad-library-utils/schlib/autogen/connector/)"/>
      <property name="ki_keywords" value="connector"/>
      <sheetpath names="/" tstamps="/"/>
      <tstamps>dc345cd6-7f52-4685-9e1c-57c09598f2d9</tstamps>
    </comp>
    <comp ref="J3">
      <value>CLOCK</value>
      <footprint>Connector_JST:JST_XH_B2B-XH-A_1x02_P2.50mm_Vertical</footprint>
      <libsource lib="Connector_Generic" part="Conn_01x02" description="Generic connector, single row, 01x02, script generated (kicad-library-utils/schlib/autogen/connector/)"/>
      <property name="Sheetname" value=""/>
      <property name="Sheetfile" value="PCB LEDs.kicad_sch_copie.kicad_sch"/>
      <property name="ki_description" value="Generic connector, single row, 01x02, script generated (kicad-library-utils/schlib/autogen/connector/)"/>
      <property name="ki_keywords" value="connector"/>
      <sheetpath names="/" tstamps="/"/>
      <tstamps>d5f1ec57-c692-4fe5-b9b6-6abc0832eb6d</tstamps>
    </comp>
    <comp ref="J4">
      <value>OUTPUT</value>
      <footprint>Connector_JST:JST_XH_B2B-XH-A_1x02_P2.50mm_Vertical</footprint>
      <libsource lib="Connector_Generic" part="Conn_01x02" description="Generic connector, single row, 01x02, script generated (kicad-library-utils/schlib/autogen/connector/)"/>
      <property name="Sheetname" value=""/>
      <property name="Sheetfile" value="PCB LEDs.kicad_sch_copie.kicad_sch"/>
      <property name="ki_description" value="Generic connector, single row, 01x02, script generated (kicad-library-utils/schlib/autogen/connector/)"/>
      <property name="ki_keywords" value="connector"/>
      <sheetpath names="/" tstamps="/"/>
      <tstamps>971c133e-fdb9-4dda-afee-2d4ea255bc30</tstamps>
    </comp>
    <comp ref="J5">
      <value>POWER</value>
      <footprint>Connector_JST:JST_XH_B2B-XH-A_1x02_P2.50mm_Vertical</footprint>
      <libsource lib="Connector_Generic" part="Conn_01x02" description="Generic connector, single row, 01x02, script generated (kicad-library-utils/schlib/autogen/connector/)"/>
      <property name="Sheetname" value=""/>
      <property name="Sheetfile" value="PCB LEDs.kicad_sch_copie.kicad_sch"/>
      <property name="ki_description" value="Generic connector, single row, 01x02, script generated (kicad-library-utils/schlib/autogen/connector/)"/>
      <property name="ki_keywords" value="connector"/>
      <sheetpath names="/" tstamps="/"/>
      <tstamps>1981c803-d6c8-4e2c-9b3d-e5bc25d736c1</tstamps>
    </comp>
    <comp ref="R1">
      <value>100</value>
      <footprint>Resistor_SMD:R_0603_1608Metric_Pad0.98x0.95mm_HandSolder</footprint>
      <libsource lib="Device" part="R_Small" description="Resistor, small symbol"/>
      <property name="Sheetname" value=""/>
      <property name="Sheetfile" value="PCB LEDs.kicad_sch_copie.kicad_sch"/>
      <property name="ki_description" value="Resistor, small symbol"/>
      <property name="ki_keywords" value="R resistor"/>
      <sheetpath names="/" tstamps="/"/>
      <tstamps>93875e04-1612-47c3-89b1-b5c94997b9ec</tstamps>
    </comp>
    <comp ref="R2">
      <value>100</value>
      <footprint>Resistor_SMD:R_0603_1608Metric_Pad0.98x0.95mm_HandSolder</footprint>
      <libsource lib="Device" part="R_Small" description="Resistor, small symbol"/>
      <property name="Sheetname" value=""/>
      <property name="Sheetfile" value="PCB LEDs.kicad_sch_copie.kicad_sch"/>
      <property name="ki_description" value="Resistor, small symbol"/>
      <property name="ki_keywords" value="R resistor"/>
      <sheetpath names="/" tstamps="/"/>
      <tstamps>ad424995-1ffa-4a4f-9d50-16ce6fb684e5</tstamps>
    </comp>
    <comp ref="R3">
      <value>100</value>
      <footprint>Resistor_SMD:R_0603_1608Metric_Pad0.98x0.95mm_HandSolder</footprint>
      <libsource lib="Device" part="R_Small" description="Resistor, small symbol"/>
      <property name="Sheetname" value=""/>
      <property name="Sheetfile" value="PCB LEDs.kicad_sch_copie.kicad_sch"/>
      <property name="ki_description" value="Resistor, small symbol"/>
      <property name="ki_keywords" value="R resistor"/>
      <sheetpath names="/" tstamps="/"/>
      <tstamps>0277f3cc-72e6-44bf-a48a-eee50a96de4c</tstamps>
    </comp>
    <comp ref="R4">
      <value>100</value>
      <footprint>Resistor_SMD:R_0603_1608Metric_Pad0.98x0.95mm_HandSolder</footprint>
      <libsource lib="Device" part="R_Small" description="Resistor, small symbol"/>
      <property name="Sheetname" value=""/>
      <property name="Sheetfile" value="PCB LEDs.kicad_sch_copie.kicad_sch"/>
      <property name="ki_description" value="Resistor, small symbol"/>
      <property name="ki_keywords" value="R resistor"/>
      <sheetpath names="/" tstamps="/"/>
      <tstamps>eea943ca-04ab-4fd1-8db8-7ca912fee792</tstamps>
    </comp>
    <comp ref="R5">
      <value>100</value>
      <footprint>Resistor_SMD:R_0603_1608Metric_Pad0.98x0.95mm_HandSolder</footprint>
      <libsource lib="Device" part="R_Small" description="Resistor, small symbol"/>
      <property name="Sheetname" value=""/>
      <property name="Sheetfile" value="PCB LEDs.kicad_sch_copie.kicad_sch"/>
      <property name="ki_description" value="Resistor, small symbol"/>
      <property name="ki_keywords" value="R resistor"/>
      <sheetpath names="/" tstamps="/"/>
      <tstamps>da0caa92-62ad-4c7d-ba3b-f82e025c57a4</tstamps>
    </comp>
    <comp ref="R6">
      <value>100</value>
      <footprint>Resistor_SMD:R_0603_1608Metric_Pad0.98x0.95mm_HandSolder</footprint>
      <libsource lib="Device" part="R_Small" description="Resistor, small symbol"/>
      <property name="Sheetname" value=""/>
      <property name="Sheetfile" value="PCB LEDs.kicad_sch_copie.kicad_sch"/>
      <property name="ki_description" value="Resistor, small symbol"/>
      <property name="ki_keywords" value="R resistor"/>
      <sheetpath names="/" tstamps="/"/>
      <tstamps>dbe0e781-1638-4e0d-8605-6b3b509c061d</tstamps>
    </comp>
    <comp ref="R7">
      <value>150</value>
      <footprint>Resistor_SMD:R_0603_1608Metric_Pad0.98x0.95mm_HandSolder</footprint>
      <libsource lib="Device" part="R_Small" description="Resistor, small symbol"/>
      <property name="Sheetname" value=""/>
      <property name="Sheetfile" value="PCB LEDs.kicad_sch_copie.kicad_sch"/>
      <property name="ki_description" value="Resistor, small symbol"/>
      <property name="ki_keywords" value="R resistor"/>
      <sheetpath names="/" tstamps="/"/>
      <tstamps>37b54f82-fd7f-4715-b379-9df94821f177</tstamps>
    </comp>
    <comp ref="U1">
      <value>PCA9685PW</value>
      <footprint>Package_SO:TSSOP-28_4.4x9.7mm_P0.65mm</footprint>
      <datasheet>http://www.nxp.com/documents/data_sheet/PCA9685.pdf</datasheet>
      <libsource lib="Driver_LED" part="PCA9685PW" description="16-channel 12-bit PWM Fm+ I2C-bus LED controller RGBA TSSOP"/>
      <property name="Sheetname" value=""/>
      <property name="Sheetfile" value="PCB LEDs.kicad_sch_copie.kicad_sch"/>
      <property name="ki_description" value="16-channel 12-bit PWM Fm+ I2C-bus LED controller RGBA TSSOP"/>
      <property name="ki_keywords" value="PWM LED driver I2C TSSOP"/>
      <sheetpath names="/" tstamps="/"/>
      <tstamps>e374e256-6193-403f-94c8-17fad961b430</tstamps>
    </comp>
  </components>
  <libparts>
    <libpart lib="Connector_Generic" part="Conn_01x02">
      <description>Generic connector, single row, 01x02, script generated (kicad-library-utils/schlib/autogen/connector/)</description>
      <docs>~</docs>
      <footprints>
        <fp>Connector*:*_1x??_*</fp>
      </footprints>
      <fields>
        <field name="Reference">J</field>
        <field name="Value">Conn_01x02</field>
        <field name="Datasheet">~</field>
      </fields>
      <pins>
        <pin num="1" name="Pin_1" type="passive"/>
        <pin num="2" name="Pin_2" type="passive"/>
      </pins>
    </libpart>
    <libpart lib="Device" part="LED_RGBA">
      <description>RGB LED, red/green/blue/anode</description>
      <docs>~</docs>
      <footprints>
        <fp>LED*</fp>
        <fp>LED_SMD:*</fp>
        <fp>LED_THT:*</fp>
      </footprints>
      <fields>
        <field name="Reference">D</field>
        <field name="Value">LED_RGBA</field>
        <field name="Datasheet">~</field>
      </fields>
      <pins>
        <pin num="1" name="RK" type="passive"/>
        <pin num="2" name="GK" type="passive"/>
        <pin num="3" name="BK" type="passive"/>
        <pin num="4" name="A" type="passive"/>
      </pins>
    </libpart>
    <libpart lib="Device" part="LED_Small">
      <description>Light emitting diode, small symbol</description>
      <docs>~</docs>
      <footprints>
        <fp>LED*</fp>
        <fp>LED_SMD:*</fp>
        <fp>LED_THT:*</fp>
      </footprints>
      <fields>
        <field name="Reference">D</field>
        <field name="Value">LED_Small</field>
        <field name="Datasheet">~</field>
      </fields>
      <pins>
        <pin num="1" name="K" type="passive"/>
        <pin num="2" name="A" type="passive"/>
      </pins>
    </libpart>
    <libpart lib="Device" part="R_Small">
      <description>Resistor, small symbol</description>
      <docs>~</docs>
      <footprints>
        <fp>R_*</fp>
      </footprints>
      <fields>
        <field name="Reference">R</field>
        <field name="Value">R_Small</field>
        <field name="Datasheet">~</field>
      </fields>
      <pins>
        <pin num="1" name="" type="passive"/>
        <pin num="2" name="" type="passive"/>
      </pins>
    </libpart>
    <libpart lib="Driver_LED" part="PCA9685PW">
      <description>16-channel 12-bit PWM Fm+ I2C-bus LED controller RGBA TSSOP</description>
      <docs>http://www.nxp.com/documents/data_sheet/PCA9685.pdf</docs>
      <footprints>
        <fp>TSSOP*4.4x9.7mm*P0.65mm*</fp>
      </footprints>
      <fields>
        <field name="Reference">U</field>
        <field name="Value">PCA9685PW</field>
        <field name="Footprint">Package_SO:TSSOP-28_4.4x9.7mm_P0.65mm</field>
        <field name="Datasheet">http://www.nxp.com/documents/data_sheet/PCA9685.pdf</field>
      </fields>
      <pins>
        <pin num="1" name="A0" type="input"/>
        <pin num="2" name="A1" type="input"/>
        <pin num="3" name="A2" type="input"/>
        <pin num="4" name="A3" type="input"/>
        <pin num="5" name="A4" type="input"/>
        <pin num="6" name="LED0" type="output"/>
        <pin num="7" name="LED1" type="output"/>
        <pin num="8" name="LED2" type="output"/>
        <pin num="9" name="LED3" type="output"/>
        <pin num="10" name="LED4" type="output"/>
        <pin num="11" name="LED5" type="output"/>
        <pin num="12" name="LED6" type="output"/>
        <pin num="13" name="LED7" type="output"/>
        <pin num="14" name="VSS" type="power_in"/>
        <pin num="15" name="LED8" type="output"/>
        <pin num="16" name="LED9" type="output"/>
        <pin num="17" name="LED10" type="output"/>
        <pin num="18" name="LED11" type="output"/>
        <pin num="19" name="LED12" type="output"/>
        <pin num="20" name="LED13" type="output"/>
        <pin num="21" name="LED14" type="output"/>
        <pin num="22" name="LED15" type="output"/>
        <pin num="23" name="~{OE}" type="input"/>
        <pin num="24" name="A5" type="input"/>
        <pin num="25" name="EXTCLK" type="input"/>
        <pin num="26" name="SCL" type="input"/>
        <pin num="27" name="SDA" type="bidirectional"/>
        <pin num="28" name="VDD" type="power_in"/>
      </pins>
    </libpart>
    <libpart lib="Mechanical" part="MountingHole_Pad">
      <description>Mounting Hole with connection</description>
      <docs>~</docs>
      <footprints>
        <fp>MountingHole*Pad*</fp>
      </footprints>
      <fields>
        <field name="Reference">H</field>
        <field name="Value">MountingHole_Pad</field>
        <field name="Datasheet">~</field>
      </fields>
      <pins>
        <pin num="1" name="1" type="input"/>
      </pins>
    </libpart>
  </libparts>
  <libraries>
    <library logical="Connector_Generic">
      <uri>C:\Program Files\KiCad\7.0\share\kicad\symbols\/Connector_Generic.kicad_sym</uri>
    </library>
    <library logical="Device">
      <uri>C:\Program Files\KiCad\7.0\share\kicad\symbols\/Device.kicad_sym</uri>
    </library>
    <library logical="Driver_LED">
      <uri>C:\Program Files\KiCad\7.0\share\kicad\symbols\/Driver_LED.kicad_sym</uri>
    </library>
    <library logical="Mechanical">
      <uri>C:\Program Files\KiCad\7.0\share\kicad\symbols\/Mechanical.kicad_sym</uri>
    </library>
  </libraries>
  <nets>
    <net code="1" name="+5V">
      <node ref="J5" pin="1" pinfunction="Pin_1" pintype="passive"/>
      <node ref="U1" pin="28" pinfunction="VDD" pintype="power_in"/>
    </net>
    <net code="2" name="EXTERNAL_CLOCK">
      <node ref="J3" pin="1" pinfunction="Pin_1" pintype="passive"/>
      <node ref="U1" pin="25" pinfunction="EXTCLK" pintype="input"/>
    </net>
    <net code="3" name="GND">
      <node ref="H1" pin="1" pinfunction="1" pintype="input"/>
      <node ref="H2" pin="1" pinfunction="1" pintype="input"/>
      <node ref="H3" pin="1" pinfunction="1" pintype="input"/>
      <node ref="H4" pin="1" pinfunction="1" pintype="input"/>
      <node ref="J1" pin="2" pinfunction="Pin_2" pintype="passive"/>
      <node ref="J2" pin="2" pinfunction="Pin_2" pintype="passive"/>
      <node ref="J3" pin="2" pinfunction="Pin_2" pintype="passive"/>
      <node ref="J4" pin="2" pinfunction="Pin_2" pintype="passive"/>
      <node ref="J5" pin="2" pinfunction="Pin_2" pintype="passive"/>
      <node ref="R1" pin="2" pintype="passive"/>
      <node ref="R2" pin="2" pintype="passive"/>
      <node ref="R3" pin="2" pintype="passive"/>
      <node ref="R4" pin="2" pintype="passive"/>
      <node ref="R5" pin="2" pintype="passive"/>
      <node ref="R6" pin="2" pintype="passive"/>
      <node ref="R7" pin="2" pintype="passive"/>
      <node ref="U1" pin="14" pinfunction="VSS" pintype="power_in"/>
    </net>
    <net code="4" name="Net-(D1-A)">
      <node ref="D1" pin="4" pinfunction="A" pintype="passive"/>
      <node ref="U1" pin="6" pinfunction="LED0" pintype="output"/>
    </net>
    <net code="5" name="Net-(D1-BK)">
      <node ref="D1" pin="3" pinfunction="BK" pintype="passive"/>
      <node ref="R6" pin="1" pintype="passive"/>
    </net>
    <net code="6" name="Net-(D1-GK)">
      <node ref="D1" pin="2" pinfunction="GK" pintype="passive"/>
      <node ref="R5" pin="1" pintype="passive"/>
    </net>
    <net code="7" name="Net-(D1-RK)">
      <node ref="D1" pin="1" pinfunction="RK" pintype="passive"/>
      <node ref="R7" pin="1" pintype="passive"/>
    </net>
    <net code="8" name="Net-(D2-A)">
      <node ref="D2" pin="2" pinfunction="A" pintype="passive"/>
      <node ref="U1" pin="15" pinfunction="LED8" pintype="output"/>
    </net>
    <net code="9" name="Net-(D2-K)">
      <node ref="D2" pin="1" pinfunction="K" pintype="passive"/>
      <node ref="R1" pin="1" pintype="passive"/>
    </net>
    <net code="10" name="Net-(D3-A)">
      <node ref="D3" pin="2" pinfunction="A" pintype="passive"/>
      <node ref="U1" pin="17" pinfunction="LED10" pintype="output"/>
    </net>
    <net code="11" name="Net-(D3-K)">
      <node ref="D3" pin="1" pinfunction="K" pintype="passive"/>
      <node ref="R2" pin="1" pintype="passive"/>
    </net>
    <net code="12" name="Net-(D4-A)">
      <node ref="D4" pin="2" pinfunction="A" pintype="passive"/>
      <node ref="U1" pin="19" pinfunction="LED12" pintype="output"/>
    </net>
    <net code="13" name="Net-(D4-K)">
      <node ref="D4" pin="1" pinfunction="K" pintype="passive"/>
      <node ref="R3" pin="1" pintype="passive"/>
    </net>
    <net code="14" name="Net-(D5-A)">
      <node ref="D5" pin="2" pinfunction="A" pintype="passive"/>
      <node ref="U1" pin="21" pinfunction="LED14" pintype="output"/>
    </net>
    <net code="15" name="Net-(D5-K)">
      <node ref="D5" pin="1" pinfunction="K" pintype="passive"/>
      <node ref="R4" pin="1" pintype="passive"/>
    </net>
    <net code="16" name="OUTPUT">
      <node ref="J4" pin="1" pinfunction="Pin_1" pintype="passive"/>
      <node ref="U1" pin="23" pinfunction="~{OE}" pintype="input"/>
    </net>
    <net code="17" name="SCL">
      <node ref="J1" pin="1" pinfunction="Pin_1" pintype="passive"/>
      <node ref="U1" pin="26" pinfunction="SCL" pintype="input"/>
    </net>
    <net code="18" name="SDA">
      <node ref="J2" pin="1" pinfunction="Pin_1" pintype="passive"/>
      <node ref="U1" pin="27" pinfunction="SDA" pintype="bidirectional"/>
    </net>
    <net code="19" name="unconnected-(U1-A0-Pad1)">
      <node ref="U1" pin="1" pinfunction="A0" pintype="input+no_connect"/>
    </net>
    <net code="20" name="unconnected-(U1-A1-Pad2)">
      <node ref="U1" pin="2" pinfunction="A1" pintype="input+no_connect"/>
    </net>
    <net code="21" name="unconnected-(U1-A2-Pad3)">
      <node ref="U1" pin="3" pinfunction="A2" pintype="input+no_connect"/>
    </net>
    <net code="22" name="unconnected-(U1-A3-Pad4)">
      <node ref="U1" pin="4" pinfunction="A3" pintype="input+no_connect"/>
    </net>
    <net code="23" name="unconnected-(U1-A4-Pad5)">
      <node ref="U1" pin="5" pinfunction="A4" pintype="input+no_connect"/>
    </net>
    <net code="24" name="unconnected-(U1-A5-Pad24)">
      <node ref="U1" pin="24" pinfunction="A5" pintype="input+no_connect"/>
    </net>
    <net code="25" name="unconnected-(U1-LED1-Pad7)">
      <node ref="U1" pin="7" pinfunction="LED1" pintype="output+no_connect"/>
    </net>
    <net code="26" name="unconnected-(U1-LED2-Pad8)">
      <node ref="U1" pin="8" pinfunction="LED2" pintype="output+no_connect"/>
    </net>
    <net code="27" name="unconnected-(U1-LED3-Pad9)">
      <node ref="U1" pin="9" pinfunction="LED3" pintype="output+no_connect"/>
    </net>
    <net code="28" name="unconnected-(U1-LED4-Pad10)">
      <node ref="U1" pin="10" pinfunction="LED4" pintype="output+no_connect"/>
    </net>
    <net code="29" name="unconnected-(U1-LED5-Pad11)">
      <node ref="U1" pin="11" pinfunction="LED5" pintype="output+no_connect"/>
    </net>
    <net code="30" name="unconnected-(U1-LED6-Pad12)">
      <node ref="U1" pin="12" pinfunction="LED6" pintype="output+no_connect"/>
    </net>
    <net code="31" name="unconnected-(U1-LED7-Pad13)">
      <node ref="U1" pin="13" pinfunction="LED7" pintype="output+no_connect"/>
    </net>
    <net code="32" name="unconnected-(U1-LED9-Pad16)">
      <node ref="U1" pin="16" pinfunction="LED9" pintype="output+no_connect"/>
    </net>
    <net code="33" name="unconnected-(U1-LED11-Pad18)">
      <node ref="U1" pin="18" pinfunction="LED11" pintype="output+no_connect"/>
    </net>
    <net code="34" name="unconnected-(U1-LED13-Pad20)">
      <node ref="U1" pin="20" pinfunction="LED13" pintype="output+no_connect"/>
    </net>
    <net code="35" name="unconnected-(U1-LED15-Pad22)">
      <node ref="U1" pin="22" pinfunction="LED15" pintype="output+no_connect"/>
    </net>
  </nets>
</export>
